﻿agave harvest,cc:disco!,https://i.scdn.co/image/ab67616d0000b2734a11a52125f6610ff5f507d7,https://open.spotify.com/album/6ybbipilxkmhmpanlxl5rm,data/train/edm/agave-harvest-cc:disco!.jpg
age ain't nothing but a number,aaliyah,https://i.scdn.co/image/ab67616d0000b27371aaf1ce904c974ed4efc0c8,https://open.spotify.com/album/3e3qrjl4cre7krms420irl,data/train/r-n-b/age-ain't-nothing-but-a-number-aaliyah.jpg
agents of fortune,blue-√∂yster-cult,https://i.scdn.co/image/ab67616d0000b2733ac318439ae56ce048d7bf5d,https://open.spotify.com/album/6c9wzlqaneod0gw5b41yjt,data/train/rock/agents-of-fortune-blue-√∂yster-cult.jpg
aggression continuum,fear-factory,https://i.scdn.co/image/ab67616d0000b2731df43fb97b76d1fe58b10df7,https://open.spotify.com/album/3y1dh8gi1unvdoi4gi0jxk,data/train/metal/aggression-continuum-fear-factory.jpg
agreeable,cautious-clay,https://i.scdn.co/image/ab67616d0000b27381d58359a621242b62c43e6c,https://open.spotify.com/album/42wxjvpz6kitn0kzuhq23d,data/train/alternative/agreeable-cautious-clay.jpg
"agua (with j balvin) [music from ""sponge on the run"" movie]",tainy,https://i.scdn.co/image/ab67616d0000b27371ea2f5a8d457b18d2bef061,https://open.spotify.com/album/6pvn0rvvbqe21voegmtdrs,"data/train/latin/agua-(with-j-balvin)-[music-from-""sponge-on-the-run""-movie]-tainy.jpg"
ahh! monica!,monica-zetterlund,https://i.scdn.co/image/ab67616d0000b2731be2287322ce09930868607c,https://open.spotify.com/album/2iflmrgtjzufu2jw7jhole,data/train/jazz/ahh!-monica!-monica-zetterlund.jpg
ahora dice,chris-jedi,https://i.scdn.co/image/ab67616d0000b273c2ebdb7961aa82110fa4877a,https://open.spotify.com/album/7jirydvqealzbilq8b1mob,data/train/latin/ahora-dice-chris-jedi.jpg
ahora todo va,dennis-cruz,https://i.scdn.co/image/ab67616d0000b273064762f1ddfde535c4220857,https://open.spotify.com/album/5bmpgyiwxzut8l5k9fvslo,data/train/edm/ahora-todo-va-dennis-cruz.jpg
aijuswanaseing,musiq-soulchild,https://i.scdn.co/image/ab67616d0000b273f307484a6b0203eae76e176b,https://open.spotify.com/album/2rmmkj20xouc3mqq1cyz3c,data/test/r-n-b/aijuswanaseing-musiq-soulchild.jpg